Workbook

Sheet Raw Data
A1: County | B1: 2019_Area(Ha) | C1: 2019_Production(Tonnes) | D1: 2020_Area(Ha) | E1: 2020_Production(Tons) | F1: 2021_Area(Ha) | G1: 2021_Production(Tons) | H1: 2022_Area(Ha) | I1: 2022_Production(Tons) | J1: 2023_Area(Ha) | K1: 2023_Production(Tons) | L1: 2024_Area(Ha) | M1: 2024_Production(Tons)
A2: Baringo | B2: 45171 | C2: 70810 | D2: 47437 | E2: 68374 | F2: 34709 | G2: 59169 | H2: 37894 | I2: 50820 | J2: 42501 | K2: 94877 | L2: 47457 | M2: 83958
A3: Bomet | B3: 34476 | C3: 74728 | D3: 42763 | E3: 73610 | F3: 40480 | G3: 58685 | H3: 27597 | I3: 43387 | J3: 27250 | K3: 63230 | L3: 33491 | M3: 52714
A4: Bungoma | B4: 94635 | C4: 315711 | D4: 87960 | E4: 317912 | F4: 93214 | G4: 269443 | H4: 92464 | I4: 275420 | J4: 92847 | K4: 222912 | L4: 90297 | M4: 207846
A5: Busia | B5: 61850 | C5: 67445 | D5: 48150 | E5: 69450 | F5: 33810 | G5: 42028 | H5: 42476 | I5: 64360 | J5: 44097 | K5: 71237 | L5: 44204 | M5: 77934
A6: Elgeyo Marakwet | B6: 31779 | C6: 104487 | D6: 25856 | E6: 87431 | F6: 31351 | G6: 86007 | H6: 31713 | I6: 72330 | J6: 43133 | K6: 150221 | L6: 42182 | M6: 117786
A7: Embu | B7: 34100 | C7: 28368 | D7: 35130 | E7: 34650 | F7: 35925 | G7: 31378 | H7: 34506 | I7: 10077 | J7: 34500 | K7: 41327 | L7: 34750 | M7: 25659
A8: Garissa | B8: 150 | C8: 109 | D8: 238 | E8: 296 | F8: 145 | G8: 71 | H8: 107 | I8: 70 | J8: 142 | K8: 132 | L8: 222 | M8: 382
A9: Homa Bay | B9: 72793 | C9: 102742 | D9: 72097 | E9: 92394 | F9: 79608 | G9: 82278 | H9: 72215 | I9: 86658 | J9: 78795 | K9: 115635 | L9: 89172 | M9: 146866
A10: Isiolo | B10: 530 | C10: 749 | D10: 586 | E10: 42 | F10: 147 | G10: 139 | H10: 129 | I10: 94 | J10: 256 | K10: 176 | L10: 288 | M10: 576
A11: Kajiado | B11: 17511 | C11: 16189 | D11: 31384 | E11: 15543 | F11: 4808 | G11: 2864 | H11: 32159 | I11: 13063 | J11: 33241 | K11: 40733 | L11: 21906 | M11: 40573
A12: Kakamega | B12: 95390 | C12: 259003 | D12: 83773 | E12: 226888 | F12: 98415 | G12: 262506 | H12: 100641 | I12: 154369 | J12: 87532 | K12: 132572 | L12: 105181 | M12: 212753
A13: Kericho | B13: 32050 | C13: 85815 | D13: 34397 | E13: 92731 | F13: 35068 | G13: 98746 | H13: 40530 | I13: 85975 | J13: 40643 | K13: 111130 | L13: 43908 | M13: 134358
... A48: West Pokot | B48: 36720 | C48: 82849 | D48: 32354 | E48: 23400 | F48: 34911 | G48: 53193 | H48: 34780 | I48: 52650 | J48: 49097 | K48: 96010 | L48: 56403 | M48: 96984

Sheet Normalized Indicators
A1: County | B1: Year | C1: Indicator | D1: Value
A2: Baringo | B2: 2019 | C2: Area (HA) | D2: ='Raw Data'!B2 -> 45171
A3: Baringo | B3: 2019 | C3: Production (MT) | D3: ='Raw Data'!C2 -> 70810
A4: Baringo | B4: 2019 | C4: Yield(MT/HA) | D4: =IF('Raw Data'!B2>0, 'Raw Data'!C2/'Raw Data'!B2, 0) -> 1.5675987
A5: Baringo | B5: 2020 | C5: Area (HA) | D5: ='Raw Data'!D2 -> 47437
A6: Baringo | B6: 2020 | C6: Production (MT) | D6: ='Raw Data'!E2 -> 68374
A7: Baringo | B7: 2020 | C7: Yield(MT/HA) | D7: =IF('Raw Data'!D2>0, 'Raw Data'!E2/'Raw Data'!D2, 0) -> 1.4413643
A8: Baringo | B8: 2021 | C8: Area (HA) | D8: ='Raw Data'!F2 -> 34709
A9: Baringo | B9: 2021 | C9: Production (MT) | D9: ='Raw Data'!G2 -> 59169
A10: Baringo | B10: 2021 | C10: Yield(MT/HA) | D10: =IF('Raw Data'!F2>0, 'Raw Data'!G2/'Raw Data'!F2, 0) -> 1.7047164
A11: Baringo | B11: 2022 | C11: Area (HA) | D11: ='Raw Data'!H2 -> 37894
A12: Baringo | B12: 2022 | C12: Production (MT) | D12: ='Raw Data'!I2 -> 50820
A13: Baringo | B13: 2022 | C13: Yield(MT/HA) | D13: =IF('Raw Data'!H2>0, 'Raw Data'!I2/'Raw Data'!H2, 0) -> 1.3411094
A14: Baringo | B14: 2023 | C14: Area (HA) | D14: ='Raw Data'!J2 -> 42501
A15: Baringo | B15: 2023 | C15: Production (MT) | D15: ='Raw Data'!K2 -> 94877
A16: Baringo | B16: 2023 | C16: Yield(MT/HA) | D16: =IF('Raw Data'!J2>0, 'Raw Data'!K2/'Raw Data'!J2, 0) -> 2.2323475
A17: Baringo | B17: 2024 | C17: Area (HA) | D17: ='Raw Data'!L2 -> 47457
A18: Baringo | B18: 2024 | C18: Production (MT) | D18: ='Raw Data'!M2 -> 83958
A19: Baringo | B19: 2024 | C19: Yield(MT/HA) | D19: =IF('Raw Data'!L2>0, 'Raw Data'!M2/'Raw Data'!L2, 0) -> 1.7691384
A20: Bomet | B20: 2019 | C20: Area (HA) | D20: ='Raw Data'!B3 -> 34476
A21: Bomet | B21: 2019 | C21: Production (MT) | D21: ='Raw Data'!C3 -> 74728
A22: Bomet | B22: 2019 | C22: Yield(MT/HA) | D22: =IF('Raw Data'!B3>0, 'Raw Data'!C3/'Raw Data'!B3, 0) -> 2.1675368
A23: Bomet | B23: 2020 | C23: Area (HA) | D23: ='Raw Data'!D3 -> 42763
A24: Bomet | B24: 2020 | C24: Production (MT) | D24: ='Raw Data'!E3 -> 73610
A25: Bomet | B25: 2020 | C25: Yield(MT/HA) | D25: =IF('Raw Data'!D3>0, 'Raw Data'!E3/'Raw Data'!D3, 0) -> 1.7213479
A26: Bomet | B26: 2021 | C26: Area (HA) | D26: ='Raw Data'!F3 -> 40480
A27: Bomet | B27: 2021 | C27: Production (MT) | D27: ='Raw Data'!G3 -> 58685
A28: Bomet | B28: 2021 | C28: Yield(MT/HA) | D28: =IF('Raw Data'!F3>0, 'Raw Data'!G3/'Raw Data'!F3, 0) -> 1.4497283
A29: Bomet | B29: 2022 | C29: Area (HA) | D29: ='Raw Data'!H3 -> 27597
A30: Bomet | B30: 2022 | C30: Production (MT) | D30: ='Raw Data'!I3 -> 43387
A31: Bomet | B31: 2022 | C31: Yield(MT/HA) | D31: =IF('Raw Data'!H3>0, 'Raw Data'!I3/'Raw Data'!H3, 0) -> 1.5721636
A32: Bomet | B32: 2023 | C32: Area (HA) | D32: ='Raw Data'!J3 -> 27250
A33: Bomet | B33: 2023 | C33: Production (MT) | D33: ='Raw Data'!K3 -> 63230
A34: Bomet | B34: 2023 | C34: Yield(MT/HA) | D34: =IF('Raw Data'!J3>0, 'Raw Data'!K3/'Raw Data'!J3, 0) -> 2.320367
A35: Bomet | B35: 2024 | C35: Area (HA) | D35: ='Raw Data'!L3 -> 33491
A36: Bomet | B36: 2024 | C36: Production (MT) | D36: ='Raw Data'!M3 -> 52714
A37: Bomet | B37: 2024 | C37: Yield(MT/HA) | D37: =IF('Raw Data'!L3>0, 'Raw Data'!M3/'Raw Data'!L3, 0) -> 1.5739751
A38: Bungoma | B38: 2019 | C38: Area (HA) | D38: ='Raw Data'!B4 -> 94635
A39: Bungoma | B39: 2019 | C39: Production (MT) | D39: ='Raw Data'!C4 -> 315711
A40: Bungoma | B40: 2019 | C40: Yield(MT/HA) | D40: =IF('Raw Data'!B4>0, 'Raw Data'!C4/'Raw Data'!B4, 0) -> 3.3360913
A41: Bungoma | B41: 2020 | C41: Area (HA) | D41: ='Raw Data'!D4 -> 87960
A42: Bungoma | B42: 2020 | C42: Production (MT) | D42: ='Raw Data'!E4 -> 317912
A43: Bungoma | B43: 2020 | C43: Yield(MT/HA) | D43: =IF('Raw Data'!D4>0, 'Raw Data'!E4/'Raw Data'!D4, 0) -> 3.6142792
A44: Bungoma | B44: 2021 | C44: Area (HA) | D44: ='Raw Data'!F4 -> 93214
A45: Bungoma | B45: 2021 | C45: Production (MT) | D45: ='Raw Data'!G4 -> 269443
A46: Bungoma | B46: 2021 | C46: Yield(MT/HA) | D46: =IF('Raw Data'!F4>0, 'Raw Data'!G4/'Raw Data'!F4, 0) -> 2.8905851
A47: Bungoma | B47: 2022 | C47: Area (HA) | D47: ='Raw Data'!H4 -> 92464
A48: Bungoma | B48: 2022 | C48: Production (MT) | D48: ='Raw Data'!I4 -> 275420
A49: Bungoma | B49: 2022 | C49: Yield(MT/HA) | D49: =IF('Raw Data'!H4>0, 'Raw Data'!I4/'Raw Data'!H4, 0) -> 2.9786728
A50: Bungoma | B50: 2023 | C50: Area (HA) | D50: ='Raw Data'!J4 -> 92847
A51: Bungoma | B51: 2023 | C51: Production (MT) | D51: ='Raw Data'!K4 -> 222912
A52: Bungoma | B52: 2023 | C52: Yield(MT/HA) | D52: =IF('Raw Data'!J4>0, 'Raw Data'!K4/'Raw Data'!J4, 0) -> 2.400853
A53: Bungoma | B53: 2024 | C53: Area (HA) | D53: ='Raw Data'!L4 -> 90297
A54: Bungoma | B54: 2024 | C54: Production (MT) | D54: ='Raw Data'!M4 -> 207846
A55: Bungoma | B55: 2024 | C55: Yield(MT/HA) | D55: =IF('Raw Data'!L4>0, 'Raw Data'!M4/'Raw Data'!L4, 0) -> 2.301804
A56: Busia | B56: 2019 | C56: Area (HA) | D56: ='Raw Data'!B5 -> 61850
A57: Busia | B57: 2019 | C57: Production (MT) | D57: ='Raw Data'!C5 -> 67445
A58: Busia | B58: 2019 | C58: Yield(MT/HA) | D58: =IF('Raw Data'!B5>0, 'Raw Data'!C5/'Raw Data'!B5, 0) -> 1.0904608
A59: Busia | B59: 2020 | C59: Area (HA) | D59: ='Raw Data'!D5 -> 48150
A60: Busia | B60: 2020 | C60: Production (MT) | D60: ='Raw Data'!E5 -> 69450
A61: Busia | B61: 2020 | C61: Yield(MT/HA) | D61: =IF('Raw Data'!D5>0, 'Raw Data'!E5/'Raw Data'!D5, 0) -> 1.4423676
A62: Busia | B62: 2021 | C62: Area (HA) | D62: ='Raw Data'!F5 -> 33810
A63: Busia | B63: 2021 | C63: Production (MT) | D63: ='Raw Data'!G5 -> 42028
A64: Busia | B64: 2021 | C64: Yield(MT/HA) | D64: =IF('Raw Data'!F5>0, 'Raw Data'!G5/'Raw Data'!F5, 0) -> 1.2430642
A65: Busia | B65: 2022 | C65: Area (HA) | D65: ='Raw Data'!H5 -> 42476
A66: Busia | B66: 2022 | C66: Production (MT) | D66: ='Raw Data'!I5 -> 64360
A67: Busia | B67: 2022 | C67: Yield(MT/HA) | D67: =IF('Raw Data'!H5>0, 'Raw Data'!I5/'Raw Data'!H5, 0) -> 1.5152086
A68: Busia | B68: 2023 | C68: Area (HA) | D68: ='Raw Data'!J5 -> 44097
A69: Busia | B69: 2023 | C69: Production (MT) | D69: ='Raw Data'!K5 -> 71237
A70: Busia | B70: 2023 | C70: Yield(MT/HA) | D70: =IF('Raw Data'!J5>0, 'Raw Data'!K5/'Raw Data'!J5, 0) -> 1.6154614
A71: Busia | B71: 2024 | C71: Area (HA) | D71: ='Raw Data'!L5 -> 44204
A72: Busia | B72: 2024 | C72: Production (MT) | D72: ='Raw Data'!M5 -> 77934
A73: Busia | B73: 2024 | C73: Yield(MT/HA) | D73: =IF('Raw Data'!L5>0, 'Raw Data'!M5/'Raw Data'!L5, 0) -> 1.7630531
A74: Elgeyo Marakwet | B74: 2019 | C74: Area (HA) | D74: ='Raw Data'!B6 -> 31779
A75: Elgeyo Marakwet | B75: 2019 | C75: Production (MT) | D75: ='Raw Data'!C6 -> 104487
A76: Elgeyo Marakwet | B76: 2019 | C76: Yield(MT/HA) | D76: =IF('Raw Data'!B6>0, 'Raw Data'!C6/'Raw Data'!B6, 0) -> 3.287926
A77: Elgeyo Marakwet | B77: 2020 | C77: Area (HA) | D77: ='Raw Data'!D6 -> 25856
A78: Elgeyo Marakwet | B78: 2020 | C78: Production (MT) | D78: ='Raw Data'!E6 -> 87431
A79: Elgeyo Marakwet | B79: 2020 | C79: Yield(MT/HA) | D79: =IF('Raw Data'!D6>0, 'Raw Data'!E6/'Raw Data'!D6, 0) -> 3.3814588
A80: Elgeyo Marakwet | B80: 2021 | C80: Area (HA) | D80: ='Raw Data'!F6 -> 31351
A81: Elgeyo Marakwet | B81: 2021 | C81: Production (MT) | D81: ='Raw Data'!G6 -> 86007
A82: Elgeyo Marakwet | B82: 2021 | C82: Yield(MT/HA) | D82: =IF('Raw Data'!F6>0, 'Raw Data'!G6/'Raw Data'!F6, 0) -> 2.7433575
A83: Elgeyo Marakwet | B83: 2022 | C83: Area (HA) | D83: ='Raw Data'!H6 -> 31713
A84: Elgeyo Marakwet | B84: 2022 | C84: Production (MT) | D84: ='Raw Data'!I6 -> 72330
A85: Elgeyo Marakwet | B85: 2022 | C85: Yield(MT/HA) | D85: =IF('Raw Data'!H6>0, 'Raw Data'!I6/'Raw Data'!H6, 0) -> 2.2807681
A86: Elgeyo Marakwet | B86: 2023 | C86: Area (HA) | D86: ='Raw Data'!J6 -> 43133
A87: Elgeyo Marakwet | B87: 2023 | C87: Production (MT) | D87: ='Raw Data'!K6 -> 150221
A88: Elgeyo Marakwet | B88: 2023 | C88: Yield(MT/HA) | D88: =IF('Raw Data'!J6>0, 'Raw Data'!K6/'Raw Data'!J6, 0) -> 3.4827394
A89: Elgeyo Marakwet | B89: 2024 | C89: Area (HA) | D89: ='Raw Data'!L6 -> 42182
A90: Elgeyo Marakwet | B90: 2024 | C90: Production (MT) | D90: ='Raw Data'!M6 -> 117786
A91: Elgeyo Marakwet | B91: 2024 | C91: Yield(MT/HA) | D91: =IF('Raw Data'!L6>0, 'Raw Data'!M6/'Raw Data'!L6, 0) -> 2.7923285
A92: Embu | B92: 2019 | C92: Area (HA) | D92: ='Raw Data'!B7 -> 34100
A93: Embu | B93: 2019 | C93: Production (MT) | D93: ='Raw Data'!C7 -> 28368
A94: Embu | B94: 2019 | C94: Yield(MT/HA) | D94: =IF('Raw Data'!B7>0, 'Raw Data'!C7/'Raw Data'!B7, 0) -> 0.83190616
A95: Embu | B95: 2020 | C95: Area (HA) | D95: ='Raw Data'!D7 -> 35130
A96: Embu | B96: 2020 | C96: Production (MT) | D96: ='Raw Data'!E7 -> 34650
A97: Embu | B97: 2020 | C97: Yield(MT/HA) | D97: =IF('Raw Data'!D7>0, 'Raw Data'!E7/'Raw Data'!D7, 0) -> 0.98633646
A98: Embu | B98: 2021 | C98: Area (HA) | D98: ='Raw Data'!F7 -> 35925
A99: Embu | B99: 2021 | C99: Production (MT) | D99: ='Raw Data'!G7 -> 31378
A100: Embu | B100: 2021 | C100: Yield(MT/HA) | D100: =IF('Raw Data'!F7>0, 'Raw Data'!G7/'Raw Data'!F7, 0) -> 0.87343076
...
